{
  "created_at": 1781372384.0957425,
  "dictionary": "DICT_4X4_50",
  "image_to_paper": [
    [
      0.2534741642068723,
      -0.005501741999202443,
      72.69097435452724
    ],
    [
      0.013114009896295605,
      0.23045257641226535,
      7.0978705006831095
    ],
    [
      0.00012060729077339583,
      -1.644043793133013e-05,
      1.0
    ]
  ],
  "marker_ids": [
    1,
    2,
    0
  ],
  "paper_to_image": [
    [
      4.082698120523967,
      0.07625836635601442,
      -297.316576385273
    ],
    [
      -0.21705203828725098,
      4.333037246587409,
      -14.977613102177507
    ],
    [
      -0.0004959715899253611,
      6.203971494165793e-05,
      1.0356123082612834
    ]
  ],
  "quality": {
    "inlier_count": 12,
    "max_paper_error_mm": 0.17436169398944878,
    "max_pixel_error": 0.8193578195858402,
    "mean_paper_error_mm": 0.10458125771855105,
    "mean_pixel_error": 0.4722813565964084,
    "median_paper_error_mm": 0.10877744648992599,
    "median_pixel_error": 0.49349179464528564,
    "point_count": 12
  },
  "sheet": {
    "marker_layout": {
      "dictionary": "DICT_4X4_50",
      "gap_from_sensor_mm": 10.0,
      "ids": [
        0,
        1,
        2,
        3
      ],
      "marker_size_mm": 20.0,
      "quiet_zone_mm": 4.0
    },
    "marker_specs": [
      {
        "marker_id": 0,
        "paper_corners_mm": [
          [
            84.5,
            55.0
          ],
          [
            104.5,
            55.0
          ],
          [
            104.5,
            75.0
          ],
          [
            84.5,
            75.0
          ]
        ]
      },
      {
        "marker_id": 1,
        "paper_corners_mm": [
          [
            192.5,
            55.0
          ],
          [
            212.5,
            55.0
          ],
          [
            212.5,
            75.0
          ],
          [
            192.5,
            75.0
          ]
        ]
      },
      {
        "marker_id": 2,
        "paper_corners_mm": [
          [
            192.5,
            135.0
          ],
          [
            212.5,
            135.0
          ],
          [
            212.5,
            155.0
          ],
          [
            192.5,
            155.0
          ]
        ]
      },
      {
        "marker_id": 3,
        "paper_corners_mm": [
          [
            84.5,
            135.0
          ],
          [
            104.5,
            135.0
          ],
          [
            104.5,
            155.0
          ],
          [
            84.5,
            155.0
          ]
        ]
      }
    ],
    "paper_height_mm": 210.0,
    "paper_width_mm": 297.0,
    "sensor": {
      "cols": 16,
      "height_mm": 40.0,
      "left_margin_mm": 4.0,
      "pitch_mm": 4.0,
      "rows": 8,
      "top_margin_mm": 4.0,
      "width_mm": 68.0
    },
    "sensor_origin_mm": [
      114.5,
      85.0
    ],
    "sensor_rect_mm": [
      114.5,
      85.0,
      182.5,
      125.0
    ]
  }
}
