{
  "created_at": 1781105369.3623369,
  "dictionary": "DICT_4X4_50",
  "image_to_paper": [
    [
      0.15397025162081837,
      -0.003360995487342507,
      53.70071937340017
    ],
    [
      0.0031233383612472763,
      0.1392750871531948,
      56.57224033575344
    ],
    [
      6.012627311387203e-05,
      -4.460314749627683e-05,
      0.9999999999999999
    ]
  ],
  "marker_ids": [
    2
  ],
  "paper_to_image": [
    [
      6.633959780137829,
      0.045183224762229454,
      -358.80452873799817
    ],
    [
      0.013012609209041398,
      7.05235501942651,
      -399.66630956750413
    ],
    [
      -0.00039829487423914727,
      0.0003118405322153696,
      1.003747203734463
    ]
  ],
  "quality": {
    "inlier_count": 4,
    "max_paper_error_mm": 4.0194366942304644e-14,
    "max_pixel_error": 3.595093471822542e-13,
    "mean_paper_error_mm": 2.4259446450778163e-14,
    "mean_pixel_error": 2.955387582707138e-13,
    "median_paper_error_mm": 2.842170943040401e-14,
    "median_pixel_error": 2.9763600522868443e-13,
    "point_count": 4
  },
  "sheet": {
    "marker_layout": {
      "dictionary": "DICT_4X4_50",
      "gap_from_sensor_mm": 10.0,
      "ids": [
        0,
        1,
        2,
        3
      ],
      "marker_size_mm": 20.0,
      "quiet_zone_mm": 4.0
    },
    "marker_specs": [
      {
        "marker_id": 0,
        "paper_corners_mm": [
          [
            84.5,
            55.0
          ],
          [
            104.5,
            55.0
          ],
          [
            104.5,
            75.0
          ],
          [
            84.5,
            75.0
          ]
        ]
      },
      {
        "marker_id": 1,
        "paper_corners_mm": [
          [
            192.5,
            55.0
          ],
          [
            212.5,
            55.0
          ],
          [
            212.5,
            75.0
          ],
          [
            192.5,
            75.0
          ]
        ]
      },
      {
        "marker_id": 2,
        "paper_corners_mm": [
          [
            192.5,
            135.0
          ],
          [
            212.5,
            135.0
          ],
          [
            212.5,
            155.0
          ],
          [
            192.5,
            155.0
          ]
        ]
      },
      {
        "marker_id": 3,
        "paper_corners_mm": [
          [
            84.5,
            135.0
          ],
          [
            104.5,
            135.0
          ],
          [
            104.5,
            155.0
          ],
          [
            84.5,
            155.0
          ]
        ]
      }
    ],
    "paper_height_mm": 210.0,
    "paper_width_mm": 297.0,
    "sensor": {
      "cols": 16,
      "height_mm": 40.0,
      "left_margin_mm": 4.0,
      "pitch_mm": 4.0,
      "rows": 8,
      "top_margin_mm": 4.0,
      "width_mm": 68.0
    },
    "sensor_origin_mm": [
      114.5,
      85.0
    ],
    "sensor_rect_mm": [
      114.5,
      85.0,
      182.5,
      125.0
    ]
  }
}
